,îˆîVä‘,éÌéqìá,â´âió«ïî,íÜçô,ñºê£,é≠éôìá,é≠âÆ,ñççË,éuïzéu,ìcë„,âÆãvìá,è„íÜ,å√êmâÆ,à…êÂ,êÏì‡,Ç≥Ç¬Ç‹îêå¥,à¢ãvç™,ìåésóà,â¡ê¢ìc,éwèh,äÏì¸,ãPñk,ñqîVå¥,äÃïtëOìc,ì‡îVâY,ëÂå˚
Jan-78,148,136.5,97.5,127,147.5,67,69,112,51,85,297,132,125,121,141,117,118,101,119,75,125,80,68,63,74,116
Feb-78,138,71,55,62,186,67.5,69,118.5,61,89,210.5,125,73,44,76,80,60,82,116,117,116,80,56,97,82,71
Mar-78,375,140.5,175.5,73,140.5,71.5,70,75,106,127,393,227,155,177,72,67,34,75,82,98,106,121,94,95,308,70
Apr-78,437,166.5,182,182,268,174,102,165,207,190,419,337,181,188,198,234,114,169,179,210,199,202,192,237,409,206
May-78,467,389.5,286,131,333,213.5,237,251.5,273,273,642.5,470,405,296,153,172,105,157,218,320,271,287,226,311,386,148
Jun-78,315,183.5,154.5,332,253,253.5,251,234,185,277,386,268,258,150,506,413,298.5,261,248,173,292,351,349,229,265,457
Jul-78,409,192.5,281,107,369.5,291,339,126.5,281,555,317.5,241,371,304,230,142,203.5,204,173,90,28,362,247,427,242,252
Aug-78,163,101,227,140,290.5,194,264,122,138,363,242,83,189,250,213,255,176,195,165,170,9,347,333,276,312,165
Sep-78,135,204,75.5,133,211,199.5,140,119,126,122,109.5,106,159,89,248,225,82.5,364,207,88,193,113,133,129,289,178
Oct-78,154,146.5,419,63,626.5,70,95,73,85,147,398.5,213,394,335,79,75,48,77,89,76,85,127,106,124,160,85
Nov-78,109,56.5,33.5,86,61,61.5,59,87.5,50,55,218.5,92,30,45,107,66,45,61,74,63,81,52,59,34,80,63
Dec-78,76,61.5,214.5,58,189.5,61,59,93.5,48,65,204,70,77,77,56,0,68,49,72,66,64,56,47,69,64,55
Jan-79,198,211.5,223,150,199,116.5,89,86,104,121,266,140,70,132,189,1,130.5,101,96,130,117,123,92,110,209,136
Feb-79,255,104.5,87.5,100,105,50.5,37,60,58,67,264,238,73,71,129,117,82,76,66,50,74,59,37,34,119,117
Mar-79,341,191.5,178.5,236,233,250,186,122.5,223,205,591.5,344,212,159,259,246,192,170,200,188,194,262,212,180,396,240
Apr-79,385,256.5,176.5,142,204.5,200.5,226,198,203,284,414,331,211,177,170,194,106.5,201,189,220,211,236,276,210,299,168
May-79,226,169.5,442,133,280,128,118,111.5,138,159,410.5,166,236,364,136,140,74,119,122,152,120,150,125,133,277,168
Jun-79,293,174.5,186.5,851,258.5,399.5,343,287,310,398,447.5,300,164,156,639,651,795.5,598,359,285,308,516,506,319,468,943
Jul-79,452,459.5,141,179,228.5,270,459,190,414,361,381,230,203,67,273,405,375,169,258,376,294,522,415,436,501,500
Aug-79,96,107,133.5,258,181.5,211,149,184,126,271,123.5,133,183,141,260,230,216,188,187,197,236,205,177,179,15,213
Sep-79,107,553.5,501.5,99,955.5,222.5,433,147,326,657,669.5,618,892,711,65,124,84.5,110,126,310,234,232,239,416,374,134
Oct-79,129,197.5,109.5,184,279.5,154.5,289,160.5,239,339,307.5,246,180,123,104,122,131,101,168,165,298,246,223,426,344,142
Nov-79,129,159,215.5,165,171,118,194,154,149,158,450.5,213,119,130,198,161,158,170,159,145,155,162,136,158,191,116
Dec-79,112,49,81,99,99,53.5,53,71.5,48,57,122.5,68,88,76,75,84,70,58,62,84,56,55,53,49,62,77
Jan-80,184,121.5,153.5,151,151.5,103.5,155,129,178,101,459.5,286,112,127,139,99,126,116,111,127,148,191,118,168,292,92
Feb-80,85,43,79,77,137,46.5,46,45.5,44,55,238,81,62,71,81,73,59.5,53,49,45,70,71,58,38,68,48
Mar-80,596,329,177,304,163.5,246.5,238,260.5,253,264,633.5,494,149,113,263,303,202.5,234,232,330,286,289,233,237,394,279
Apr-80,584,272,318.5,154,281.5,221.5,211,254.5,234,299,672,499,233,220,198,206,123.5,182,218,205,248,274,240,203,436,50
May-80,762,460.5,274,423,447.5,558.5,362,440,376,363,954.5,650,391,368,432,476,395.5,404,504,521,522,595,484,424,476,465
Jun-80,523,491,55.5,276,308,374,517,447,403,665,585.5,357,203,40,274,386,354.5,263,337,503,532,396,335,521,564,435
Jul-80,555,283,69.5,463,34.5,541.5,473,382.5,505,531,280.5,188,49,42,515,702,647.5,534,378,404,493,583,646,380,305,782
Aug-80,120,54.5,80,260,306,260.5,283,268.5,207,229,86.5,89,126,172,257,399,269,199,199,207,187,204,218,298,278,414
Sep-80,130,252.5,234.5,311,476,218,325,288,225,298,401.5,197,258,266,195,183,185.5,219,263,270,292,363,387,318,182,241
Oct-80,220,234,90,439,194,239,289,223.5,228,264,276,226,191,116,243,252,287.5,261,212,200,205,241,249,290,294,186
Nov-80,196,141.5,343.5,96,311,28,25,39,44,100,187,206,245,186,27,28,35,29,27,40,22,32,27,40,104,35
Dec-80,102,77.5,38,189,85.5,104.5,77,124,69,124,238.5,182,58,41,175,131,122.5,128,143,95,136,105,69,66,88,122
Jan-81,14,25,25,25,58,28,12,20.5,8,32,109.5,33,37,20,65,61,38.5,42,29,18,45,33,24,9,8,32
Feb-81,112,89,75,62,173.5,79.5,86,87.5,104,69,185.5,149,92,55,84,115,56,78,80,77,105,98,90,64,76,106
Mar-81,439,274.5,130,291,198,294,295,390,333,346,779,416,197,124,273,273,188,293,311,481,372,377,318,316,604,229
Apr-81,653,276.5,439.5,254,163.5,324,208,266,227,199,629.5,337,193,207,301,277,195,291,239,269,284,287,302,181,457,290
May-81,324,222.5,161,169,311,242.5,189,190,189,215,322,243,307,163,173,196,172,139,174,196,245,253,256,152,244,233
Jun-81,175,199,27.5,246,61.5,201.5,194,163,177,189,297.5,337,24,9,254,212,142.5,187,168,188,181,255,262,136,198,218
Jul-81,100,90,92.5,176,189.5,172,179,106.5,166,242,88,40,136,79,161,334,184,259,244,161,185,295,348,129,171,303
Aug-81,191,33.5,45,175,120,131,86,59,105,129,73,77,87,60,84,96,116.5,109,165,33,123,124,69,166,75,137
Sep-81,79,56,62.5,150,143.5,83.5,95,154.5,130,150,172.5,173,93,36,146,115,129,83,76,102,89,126,79,160,209,151
Oct-81,253,199.5,163,103,343,104,86,153,113,126,376,317,345,283,157,184,89,126,117,87,122,133,106,109,168,143
Nov-81,53,98,75,278,240.5,150.5,114,107.5,155,143,468,182,115,56,157,215,238,185,135,113,124,178,138,108,209,180
Dec-81,7,21.5,107,28,64,7.5,4,25,4,22,110,24,28,22,19,13,23.5,19,30,13,15,10,8,5,14,13
Jan-82,106,43.5,93.5,93,252,72,34,77,39,72,131,75,210,150,67,53,74.5,83,59,69,62,56,57,31,66,40
Feb-82,293,156,115,25,159,135.5,138,93,157,147,323,302,133,133,147,157,142.5,138,148,151,164,170,153,146,229,128
Mar-82,411,223.5,236.5,117,220.5,113.5,133,153,146,168,387.5,348,182,224,127,157,140.5,119,153,164,157,220,136,133,281,185
Apr-82,351,157,118,134,225,145.5,161,201.5,178,172,317.5,265,128,79,125,154,110,175,161,168,187,204,187,151,311,156
May-82,464,271,183,315,293,211.5,216,228.5,271,267,582,393,228,189,314,123,199,272,192,286,230,199,197,240,306,290
Jun-82,481,197.5,348,118,532,222.5,190,201.5,178,136,547,265,509,341,157,158,96.5,147,124,255,228,245,202,214,283,180
Jul-82,492,182,61,532,206,424.5,514,298.5,508,612,439.5,227,181,102,600,690,591,460,267,428,433,585,711,451,592,777
Aug-82,586,370.5,356.5,128,352,235.5,437,270,426,523,559,342,408,242,155,149,126,191,173,343,186,298,262,461,353,208
Sep-82,430,433.5,114.5,65,303.5,184,160,117,160,228,477.5,584,297,169,105,140,116,99,96,143,168,161,183,237,344,107
Oct-82,208,172.5,106.5,50,256,40,39,43.5,30,45,395.5,118,328,102,40,41,44,43,25,27,37,30,34,41,126,53
Nov-82,239,178.5,187,259,208,188.5,192,237,200,375,321.5,245,168,150,201,171,201.5,188,191,245,225,242,184,203,274,172
Dec-82,104,52,237,85,231,39.5,50,53.5,49,85,244.5,114,168,181,63,34,44,36,64,72,57,61,40,57,49,30
Jan-83,137,94,193.5,86,206.5,88.5,68,134,83,160,209,160,108,171,88,80,48,82,157,185,166,72,70,135,124,69
Feb-83,122,102,121.5,110,177.5,97.5,55,100.5,72,73,203,190,148,127,127,136,88,92,89,74,109,95,105,80,122,113
Mar-83,238,261.5,207,268,283,324.5,232,268.5,302,315,621,343,283,324,149,293,217.5,299,333,400,398,396,318,356,539,310
Apr-83,546,388.5,317.5,354,256.5,453,235,370,505,531,827,548,276,222,390,408,302,380,394,594,496,488,436,464,781,425
May-83,533,443,227.5,280,381.5,413.5,322,362,267,316,604,413,539,205,352,357,232,310,367,416,442,344,369,270,390,305
Jun-83,566,366.5,298.5,609,833,633,789,496,655,571,677,395,680,262,578,633,449.5,576,664,683,708,657,613,665,879,510
Jul-83,177,225,239.5,136,371,296,266,249.5,177,266,149,166,377,394,224,321,235,300,253,276,298,261,405,231,306,438
Aug-83,221,117.5,223.5,255,211,178.5,153,153,142,310,189,128,216,182,194,192,203,166,211,101,149,183,253,166,138,206
Sep-83,336,381.5,77,287,300,435.5,396,471,440,494,455,258,152,167,389,402,195.5,342,611,508,487,398,331,480,561,338
Oct-83,156,84.5,105.5,92,88.5,81,135,119,116,81,240,160,137,101,104,70,55,84,120,114,137,103,95,104,147,63
Nov-83,13,46,12.5,19,25,26.5,10,16,12,12,117.5,32,4,3,24,19,20.5,30,19,8,1,19,13,5,13,18
Dec-83,68,27.5,90.5,74,230,20,22,61,14,33,219.5,65,94,81,45,35,32,29,64,33,42,19,14,17,33,27
Jan-84,83,59,104,112,211,39.5,21,39,43,49,214,108,87,50,71,65,84,48,72,40,42,58,50,26,59,54
Feb-84,143,89.5,80.5,87,143.5,64,49,92.5,67,80,263,165,99,108,91,66,54.5,76,92,84,97,75,63,51,105,50
Mar-84,192,121.5,185,101,300,113.5,86,147,157,141,279.5,202,249,232,114,118,99,110,139,166,172,151,117,136,271,107
Apr-84,252,205.5,197,142,379,186.5,135,174.5,224,202,298.5,241,476,241,189,156,110,187,153,206,187,241,235,193,280,145
May-84,232,168.5,171,184,125.5,175,159,176.5,229,166,318,287,145,159,152,137,160,193,221,213,291,224,187,198,250,139
Jun-84,800,362.5,287.5,582,563.5,246,283,201.5,363,431,761.5,411,546,367,512,573,802,368,185,248,288,452,436,235,656,765
Jul-84,74,236,167,96,104,121.5,146,206,51,283,208.5,257,102,34,147,97,125.5,127,164,149,105,93,106,142,113,174
Aug-84,97,337,367.5,182,486.5,334,344,159.5,486,518,366,320,338,257,320,545,261.5,289,223,248,288,574,489,528,624,430
Sep-84,288,212.5,179.5,127,152,134,145,149.5,104,165,677.5,463,157,138,149,173,142.5,121,187,173,191,179,95,133,145,191
Oct-84,163,105,41,39,158,47.5,65,80,70,67,151,151,144,66,24,26,26,33,59,86,73,62,46,72,100,26
Nov-84,237,89,308,23,317,38.5,45,32.5,76,69,263.5,193,305,246,30,29,44,33,64,41,38,71,66,32,193,34
Dec-84,133,90,107.5,96,219.5,43,57,58,62,80,416.5,161,92,91,75,46,63,54,54,71,55,63,63,69,74,46
Jan-85,96,93.5,90,48,201,35.5,45,71,45,65,252,107,97,107,53,30,25.5,42,63,68,71,33,30,51,93,30
Feb-85,232,211.5,217,219,209,219.5,105,202,200,199,529,250,166,203,221,218,139.5,219,235,238,288,234,217,161,320,170
Mar-85,201,150.5,124.5,292,175,200.5,125,204.5,219,250,388.5,195,113,110,263,280,204,244,207,245,206,209,252,178,407,263
Apr-85,154,166.5,175,172,165.5,96,74,117.5,144,134,340,106,139,178,115,127,95,111,96,151,138,155,145,93,256,143
Apr-86,366,210.5,133,241,191.5,162.5,121,259,148,218,186.5,173,221,157,162,209,150.5,187,172,236,186,177,159,157,284,167
May-86,259,209.5,94.5,209,139.5,231.5,204,219,222,257,323,239,97,100,167,179,137,234,204,261,244,315,252,209,409,201
Jun-86,422,176.5,43.5,181,120,325.5,315,271,183,363,353.5,252,47,16,243,360,232,317,326,412,345,411,390,406,409,536
Jul-86,309,94,124.5,221,202.5,411.5,156,283,201,237,226.5,140,117,91,151,318,220,354,246,216,268,293,213,205,148,496
Aug-86,124,81.5,193,54,129.5,62.5,83,20,163,152,80.5,41,91,197,77,95,95.5,32,114,33,73,119,100,139,124,155
Sep-86,176,222,53.5,168,147,201,114,297.5,245,252,390,130,40,43,173,261,167.5,173,234,213,240,186,151,242,317,219
Oct-86,71,80.5,44.5,122,115.5,83.5,65,78,86,87,165,73,43,45,93,93,66,102,81,100,76,97,73,82,74,99
Nov-86,328,188.5,237.5,31,213.5,35.5,33,61,48,90,446.5,315,174,161,33,34,21.5,43,50,73,56,41,36,73,115,33
Dec-86,118,134,19.5,127,118.5,110.5,87,126.5,130,137,246.5,145,31,22,158,126,100,128,116,111,151,125,104,106,143,71
Jan-87,90,73,179.5,74,175.5,89.5,46,82,62,92,183,128,115,190,89,90,77,82,99,101,105,86,74,69,89,58
Feb-87,77,26.5,61,56,100,70,54,55,59,71,201.5,102,57,51,99,107,80.5,76,56,95,88,64,58,53,52,104
Mar-87,551,300,141,244,274,351,326,283,382,317,582.5,579,153,142,276,336,220.5,250,294,436,335,356,327,350,494,201
Apr-87,420,171.5,125.5,277,250,248.5,193,188,193,170,358,316,127,107,208,250,140.5,213,220,216,257,284,280,209,327,151
May-87,306,204,296,293,336,344.5,269,236,261,274,369,286,217,354,344,382,257,358,281,330,286,346,323,263,382,219
Jun-87,530,282,440.5,192,345,201,234,185,219,306,595.5,420,260,338,201,203,163.5,175,212,290,254,240,190,255,449,100
Jul-87,148,206.5,39,231,163.5,465.5,577,276,436,466,427,115,35,31,436,704,444.5,345,424,459,489,464,630,441,361,320
Aug-87,228,62,166,263,75,205,109,157.5,133,315,203,115,51,30,263,321,340.5,360,221,163,183,326,381,231,129,346
Sep-87,192,201.5,64,129,134.5,151.5,155,166,128,221,311.5,228,80,210,147,178,105.5,142,202,168,187,254,134,242,374,113
Oct-87,648,609.5,446.5,158,340.5,360.5,330,338.5,416,663,948.5,797,300,401,215,206,164,281,354,417,437,480,341,735,576,209
Nov-87,424,274.5,232.5,130,406,123,108,121.5,53,92,315,313,309,235,100,96,109.5,141,157,112,161,113,104,101,127,103
Dec-87,104,73.5,61.5,52,178.5,43.5,42,49.5,31,59,226.5,117,73,81,44,37,28.5,33,57,55,64,61,42,47,46,31
Jan-88,100,30,135.5,103,263,25.5,25,39.5,21,44,111.5,88,191,190,48,45,50.5,31,47,53,42,26,29,26,63,46
Feb-88,172,70.5,155.5,70,248.5,67,103,92.5,66,92,239.5,196,153,176,66,76,80,53,74,99,95,108,70,103,100,90
Mar-88,285,148.5,219,199,359.5,160,173,141,107,168,513,314,324,225,180,196,139.5,110,166,161,188,222,163,202,238,183
Apr-88,467,198,236,204,298.5,178.5,208,180.5,274,245,483,301,239,204,200,180,150,164,193,263,233,248,204,210,351,192
May-88,391,192,260.5,222,201,190.5,200,219,242,179,353,183,226,230,181,221,213.5,159,183,208,274,299,233,155,374,254
Jun-88,595,367,454.5,461,692,381.5,448,364,373,529,738.5,428,600,565,430,436,387,339,359,470,445,512,408,387,582,531
Jul-88,249,225.5,69,264,142,182.5,371,71.5,294,269,412,198,76,34,139,314,282.5,180,105,194,155,386,293,491,406,427
Aug-88,311,180,108,261,312,405.5,403,363.5,211,442,229,204,154,94,312,272,236,417,324,389,474,309,348,358,320,205
Sep-88,393,271,101,228,116,289,215,219.5,227,250,330,417,152,170,282,200,281,346,237,260,207,259,259,210,451,179
Oct-88,36,22.5,50.5,17,100.5,18.5,37,17,25,26,130.5,61,59,83,3,1,22,18,27,38,33,29,26,20,24,5
Nov-88,110,74.5,66,48,126,78.5,58,107.5,41,89,190,113,61,90,82,43,31.5,82,121,84,105,62,46,54,39,29
Dec-88,19,21,11,52,76,24,6,42,2,14,127.5,25,36,14,33,23,28,20,20,19,27,15,12,8,5,14
Jan-89,205,90.5,147.5,241,220.5,138,126,117.5,108,119,224.5,176,144,153,213,196,222.5,114,123,131,150,167,149,112,139,200
Feb-89,90,59,15.5,200,115,223,95,126.5,79,142,296.5,94,53,34,247,213,208,213,172,114,168,219,283,93,189,224
Mar-89,164,74.5,89,184,173.5,139,148,100.5,116,137,232,124,116,118,202,150,153,122,166,115,145,146,142,97,125,136
Apr-89,336,175,359,99,309,77,102,82.5,127,123,283.5,246,226,253,88,94,58.5,77,83,110,100,140,93,117,294,69
May-89,533,444,283.5,223,277,234.5,285,270.5,338,326,519.5,468,233,303,219,285,207.5,194,248,363,305,338,272,330,586,250
Jun-89,476,370,140,222,333,252.5,292,197.5,285,243,550.5,412,215,221,208,267,180,205,221,279,298,386,367,318,330,297
Jul-89,362,305.5,182,421,326,491.5,487,495,463,706,352,263,208,228,549,519,425,501,556,577,499,663,702,402,425,728
Aug-89,403,378,371,201,362.5,118.5,299,70,192,269,265.5,276,320,346,107,153,157,107,129,120,159,203,185,266,283,247
Sep-89,220,189,53,700,162.5,387,222,271,353,297,295.5,137,110,111,504,446,246.5,387,318,283,332,338,388,274,471,366
Oct-89,22,19,122,44,26.5,18,18,26,19,32,79,21,13,30,26,25,28,22,16,24,15,29,35,36,66,26
Nov-89,161,55,136,69,192,36,26,76,32,71,294.5,106,101,172,27,25,20.5,21,43,54,33,22,15,30,82,9
Dec-89,16,38,75.5,56,100,36.5,28,32.5,23,22,90.5,45,47,66,51,40,35,26,42,19,39,32,28,24,24,29
Jan-90,139,101.5,219,143,181,148.5,126,157,123,158,243.5,201,115,94,147,137,103,116,158,144,171,140,139,142,208,114
Feb-90,369,318,408,202,241.5,220.5,352,304,319,269,709,427,298,267,166,160,150,160,279,336,355,281,231,281,278,147
Mar-90,335,175.5,155.5,120,161,176,168,122,163,162,294.5,387,136,128,204,234,142,139,165,176,222,178,158,129,58,242
Apr-90,372,149,446.5,223,289,253,165,173.5,229,230,566.5,242,330,324,188,163,121.5,164,187,228,262,274,213,140,278,174
May-90,352,281.5,152,380,244.5,316,294,316,309,287,531,342,219,129,299,270,314,274,301,345,322,286,318,245,407,268
Jun-90,712,510,233,316,501.5,394.5,478,459.5,443,381,828,638,422,294,442,474,440.5,388,402,439,482,445,458,457,656,480
Jul-90,134,103.5,42,100,123,158.5,390,297.5,327,247,149,80,53,30,204,198,132,161,190,259,422,313,228,295,300,249
Aug-90,277,231.5,209,95,313,160.5,285,131,309,332,172.5,144,249,191,184,229,123,197,116,185,173,250,280,418,201,232
Sep-90,185,372.5,259,414,831,463.5,552,297,632,588,452,334,643,404,385,308,384.5,320,346,387,436,525,541,590,644,355
Oct-90,101,171.5,159.5,321,200,161,179,189,112,182,244.5,128,91,115,159,165,199.5,211,170,107,189,218,213,264,136,156
Nov-90,278,261,159.5,84,237,79,109,74.5,102,118,438.5,283,160,161,122,60,49,70,72,129,84,97,91,137,188,62
Dec-90,173,67.5,85.5,65,122.5,49,46,73,44,39,154,88,98,121,62,35,51.5,43,49,63,61,44,31,56,50,33
Jan-91,161,73.5,68.5,74,174.5,50.5,42,57.5,44,52,293.5,93,147,58,51,22,65.5,57,46,51,67,54,43,45,77,29
Feb-91,220,292,89.5,95,68.5,124.5,125,93,111,120,355,245,59,157,108,84,109,96,103,100,146,146,104,141,188,70
Mar-91,254,188,92,166,291.5,251.5,206,165,215,174,308.5,195,225,109,217,273,164.5,243,231,154,256,248,245,144,299,209
Apr-91,439,174.5,189.5,197,149.5,103.5,119,130.5,137,137,488.5,322,138,179,160,173,178,102,91,165,157,140,117,132,304,149
May-91,484,347.5,24,229,207.5,257.5,321,200.5,343,375,319.5,322,129,43,326,387,353,249,204,359,281,327,356,323,591,339
Jun-91,557,519,76,417,186,438,597,497.5,505,605,547,674,173,121,454,558,427,391,418,595,578,457,539,591,524,691
Jul-91,233,122,168.5,162,209,230.5,198,179.5,106,252,387,246,123,64,191,480,221.5,129,170,216,279,376,336,191,190,459
Aug-91,512,398.5,157,206,626,258,310,184,268,507,452.5,462,790,304,173,247,116.5,197,267,281,264,416,346,566,292,218
Sep-91,377,433,381,86,413,237,179,175,308,269,501.5,468,272,255,323,373,286.5,282,308,131,143,317,384,244,398,391
Oct-91,190,191.5,255,91,363.5,72,99,71.5,129,151,308.5,286,258,275,82,78,79,70,82,107,59,89,124,139,188,92
Nov-91,29,84,32.5,142,65,46.5,20,65.5,36,52,129,70,24,43,89,63,146,69,61,36,45,46,48,32,90,54
Dec-91,75,56.5,47,112,84,93,54,90,51,77,126,91,57,55,10,104,86,120,95,52,79,89,71,77,68,84
Jan-92,238,132,188.5,119,269.5,91.5,109,106,103,120,367.5,231,243,183,74,68,67.5,89,90,125,119,103,80,98,132,52
Feb-92,79,74.5,171,13,203,55,60,58,47,79,147,44,143,149,62,54,42.5,56,50,67,72,52,42,61,67,45
Mar-92,428,330,369,368,406.5,336,359,279,356,287,636,394,426,358,394,449,346.5,344,317,367,386,422,386,339,454,430
Apr-92,231,285.5,189,186,202.5,262.5,207,172.5,200,241,419.5,128,191,258,123,216,154,163,216,272,254,269,229,208,300,199
May-92,276,205,129.5,115,343.5,81,79,83,99,94,428.5,217,183,119,153,132,83.5,98,74,76,105,109,100,97,122,137
Jun-92,606,742,224.5,495,495,650,581,544,541,521,991.5,792,391,428,474,500,357,520,549,617,692,608,551,557,770,390
Jul-92,438,312,360.5,184,193.5,306,335,227.5,340,381,339,311,86,261,217,256,245,265,289,340,364,280,246,386,360,208
Aug-92,534,293,193.5,304,489,272.5,389,142.5,320,428,588,494,314,245,310,528,404,286,261,233,275,555,602,378,352,394
Sep-92,228,184.5,31.5,91,397,69.5,66,74.5,69,89,253.5,108,258,33,104,82,104,0,97,68,79,97,89,70,115,97
Oct-92,24,45.5,14,33,101.5,39.5,51,42.5,54,38,62.5,53,60,21,30,47,37,28,34,58,39,36,28,57,62,36
Nov-92,66,29.5,63,50,111.5,48.5,29,76.5,53,64,160.5,79,66,54,45,43,45,44,55,59,35,43,34,28,91,36
Dec-92,213,88,78,101,104,109.5,108,228.5,123,101,224.5,138,48,75,107,95,101,104,141,151,179,108,92,138,170,86
Jan-93,149,91,163,92,228.5,112.5,80,163,82,82,363.5,167,114,199,77,69,65,93,111,102,112,98,81,81,120,58
Feb-93,63,69,40.5,96,144,105,79,113,66,104,340,97,85,38,88,77,71.5,82,113,72,117,92,95,44,155,93
Mar-93,256,116.5,94.5,176,149.5,212.5,135,123,171,155,440.5,177,121,117,203,188,138.5,209,177,190,167,207,267,134,217,175
Apr-93,233,197,70,163,229.5,154,151,133.5,161,170,298,181,241,86,137,153,105,165,138,190,135,176,168,159,202,186
May-93,283,128.5,112.5,175,440.5,185,183,194.5,162,256,323.5,210,441,152,163,199,133,181,165,243,192,260,235,168,309,193
Jun-93,371,404.5,144.5,650,344,775,814,613,712,638,821,413,193,206,780,926,666,776,686,562,820,832,808,659,335,997
Jul-93,710,530.5,142,649,264,1054.5,1073,979,852,987,791,462,252,160,1141,1212,879,884,932,948,888,1114,1342,929,884,1319
Aug-93,218,226.5,28.5,587,273,629.5,895,421.5,657,489,280.5,153,200,163,997,1120,665,790,394,527,733,817,1002,725,413,1066
Sep-93,349,467,116,634,368.5,532,180,633.5,193,370,935.5,575,166,131,584,523,556.5,655,722,526,468,475,476,383,525,524
Oct-93,71,98,93,58,297,79.5,59,40.5,97,81,188.5,151,144,152,78,70,69.5,73,73,40,53,83,74,110,145,68
Nov-93,185,291,100,129,74,78.5,152,181.5,215,200,458.5,270,70,99,86,62,73,73,77,93,99,108,90,217,528,68
Dec-93,126,86,28,79,189.5,104,86,115,65,109,262.5,203,66,44,108,102,90.5,119,121,93,97,100,79,106,68,96
Jan-94,104,62,70,123,116,92,70,141,61,101,249,159,79,81,113,105,114.5,103,111,106,93,94,89,74,72,89
Feb-94,285,139,183.5,150,193.5,130,119,145,148,157,366.5,211,150,154,109,122,102,107,121,171,174,158,118,139,249,94
Mar-94,152,110,252.5,68,312,91,115,68,90,132,302.5,229,202,170,80,85,70,95,88,116,91,103,88,104,144,61
Apr-94,381,383.5,184,537,261.5,417.5,400,441,405,437,607,454,437,227,494,513,347.5,433,451,468,517,490,442,362,607,330
May-94,297,99.5,361.5,104,186.5,89,83,81.5,100,95,267,180,238,371,96,102,75,116,75,116,111,131,120,81,179,97
Jun-94,331,525,364,410,288.5,492.5,463,417.5,424,664,852,589,241,329,425,473,397,538,476,590,463,638,595,408,573,486
Jul-94,108,70,50.5,79,41,20.5,28,55.5,111,190,60.5,117,27,37,67,33,54.5,55,141,54,56,58,28,91,33,46
Aug-94,258,232.5,198,44,187,100,311,96.5,148,249,223,204,111,192,104,126,71,136,128,149,109,291,338,379,172,165
Sep-94,58,97.5,24.5,43,42.5,29,33,45,20,34,77,145,32,46,23,14,45.5,45,29,20,12,35,50,48,74,30
Oct-94,224,197,83,15,103.5,31,80,18.5,89,68,251.5,132,63,78,23,23,21,25,34,38,23,51,56,126,152,28
Nov-94,325,223,56.5,44,96.5,28,38,52,68,55,435.5,381,85,88,31,32,25.5,22,43,52,73,51,37,60,178,15
Dec-94,217,160.5,69.5,82,179.5,95.5,107,112,105,118,365.5,208,75,87,96,136,85.5,107,105,129,119,113,106,118,108,125
Jan-95,108,79.5,70.5,58,184.5,55,8,83,32,71,319,158,44,49,73,64,46.5,72,79,61,67,56,45,36,45,42
Feb-95,109,58,57.5,123,121.5,67.5,46,63.5,63,41,321.5,139,83,53,75,85,65.5,80,88,37,95,68,55,59,64,68
Mar-95,378,189,216.5,145,264,150,163,161,188,177,612.5,245,230,255,106,124,94,127,150,178,173,211,171,163,359,118
Apr-95,370,408,100,322,228.5,424.5,473,436.5,425,419,533.5,195,143,132,333,374,244.5,409,462,568,554,477,380,443,458,351
May-95,497,393,131,277,141,266,262,264.5,201,286,509,527,108,165,281,295,179.5,303,246,289,297,307,275,232,282,262
Jun-95,1063,736.5,262,626,373.5,761,711,547.5,611,623,1327,832,271,417,561,656,471,626,644,679,782,943,784,654,821,528
Jul-95,146,390.5,30,391,83,266,286,198.5,234,283,195.5,369,11,39,376,407,593.5,326,267,263,263,324,327,168,176,600
Aug-95,80,96,46.5,271,80,477,165,80,37,137,50,60,97,62,355,268,137,224,182,150,192,139,110,66,57,148
Sep-95,83,170,248,267,584.5,142,159,119,150,188,337.5,168,409,275,197,227,153.5,132,155,139,139,391,242,183,224,195
Oct-95,100,105.5,64.5,78,289.5,86.5,92,67.5,103,74,201.5,124,170,128,72,103,75,65,68,59,70,102,102,90,60,91
Nov-95,55,25,71,105,74,54.5,59,78,33,55,134.5,55,90,103,82,65,65,98,78,72,58,62,76,31,35,95
Dec-95,21,11,40.5,22,112,8,3,25.5,2,14,170.5,77,78,33,17,5,12,14,24,9,21,7,4,2,2,4
Jan-96,145,47.5,45,91,138,67,88,76.5,71,93,132,153,83,70,102,116,83,71,74,81,86,77,88,71,55,100
Feb-96,80,73.5,93.5,52,142,51,69,73,54,95,178.5,95,109,101,41,43,40.5,18,63,75,66,62,49,62,42,56
Mar-96,182,114,172,167,268,141.5,158,132.5,160,161,467,187,240,267,164,185,122.5,86,112,174,188,197,202,141,237,241
Apr-96,364,162,152,214,144.5,219,200,312.5,197,220,308,255,156,144,155,168,119,169,256,298,257,217,190,194,296,154
May-96,307,156,237.5,90,154.5,161,185,129.5,177,105,343.5,183,200,263,76,87,69,104,135,199,193,179,175,161,264,77
Jun-96,412,319,110,594,256,459.5,346,284.5,326,402,469.5,227,245,224,482,567,382.5,489,396,263,474,651,537,303,379,722
Jul-96,254,325,14.5,431,65.5,478.5,552,397.5,393,479,430,210,47,30,528,574,311,553,558,404,460,510,606,526,334,522
Aug-96,271,202,261,286,435,239,263,219.5,215,367,345,193,154,175,255,231,151,215,286,209,256,298,268,346,242,263
Sep-96,249,357.5,131,88,438,66,120,105.5,92,122,420,168,293,261,64,64,41,44,66,110,108,108,118,221,155,91
Oct-96,294,83,186.5,32,224.5,13.5,17,30,31,43,335.5,34,175,128,22,26,16,18,24,25,19,25,18,23,44,22
Nov-96,131,158,101,99,203.5,95,89,96,95,93,404,97,166,144,75,87,50,74,84,101,0,94,85,99,176,91
Dec-96,68,82,46.5,124,82,91.5,50,114,51,57,250.5,75,61,16,108,85,94.5,116,124,78,87,76,70,46,55,79
Jan-97,98,51,44,87,156,33.5,43,37.5,31,37,252.5,142,82,53,92,81,82,47,42,35,40,37,42,39,28,67
Feb-97,94,72,81,36,103,55,70,72.5,70,74,170,133,65,82,47,56,40,48,68,86,80,62,59,71,65,54
Mar-97,251,153.5,98.5,118,195.5,141,169,181.5,168,189,385,178,107,77,112,157,139.5,97,143,187,102,159,143,160,232,158
Apr-97,218,121.5,125,194,195,127,69,65,107,100,288,256,138,167,153,200,205,104,108,81,90,126,174,69,123,277
May-97,411,131.5,119.5,105,251.5,119,118,102.5,151,146,234,173,147,121,109,144,93,99,96,110,114,145,191,82,143,224
Jun-97,244,393,238.5,485,246.5,403.5,371,323,271,308,574.5,412,200,181,431,470,437,456,404,270,403,448,457,367,317,393
Jul-97,78,84,48.5,233,98.5,330.5,200,132.5,112,125,116,95,80,53,368,658,629.5,158,184,112,188,363,517,103,68,990
Aug-97,39,98.5,64,57,141.5,97,147,39.5,174,167,241.5,103,25,31,39,112,140.5,41,84,43,76,272,246,176,122,246
Sep-97,42,686.5,126.5,323,548,270.5,449,489,317,738,688,528,388,222,377,373,410,481,509,575,383,442,462,797,397,393
Oct-97,25,27.5,76.5,9,108,26,13,17.5,20,28,49,46,113,92,16,14,6.5,15,14,19,17,28,27,26,43,4
Nov-97,430,250,142,233,221.5,127.5,116,160,136,306,618.5,325,172,146,145,136,161.5,114,168,163,189,174,149,147,206,61
Dec-97,89,99.5,98.5,268,256,95.5,116,164.5,107,123,464,120,112,110,132,113,86,126,152,147,132,111,82,117,135,95
Jan-98,397,278.5,250.5,217,468,185.5,210,194.5,220,216,617,372,465,264,137,173,170.5,150,183,236,202,238,181,267,274,152
Feb-98,229,134.5,266,125,437.5,123,155,73,206,256,286.5,158,363,263,150,138,133,80,128,129,160,194,189,149,323,131
Mar-98,229,177,109,178,265,179,163,154,141,101,481,244,174,119,185,191,151.5,147,163,213,197,184,154,186,196,137
Apr-98,410,440,265,376,423,407.5,435,509,81,373,605.5,586,259,266,393,434,420.5,464,506,472,555,481,468,417,359,454
May-98,583,298.5,162,225,254.5,337.5,316,294,358,128,748.5,473,134,108,268,311,300,292,398,369,293,296,335,328,326,338
Jun-98,792,752,531,626,582.5,497,456,374,530,527,1046.5,832,479,673,695,828,599,573,389,410,541,641,607,409,572,867
Jul-98,521,155,334,310,640,206,115,278.5,154,153,486.5,446,462,690,220,194,183,205,260,255,234,136,152,141,201,272
Aug-98,96,4.5,81.5,84,51.5,69.5,110,32.5,7,51,42,34,35,27,124,122,94,50,120,55,116,31,61,58,24,66
Sep-98,232,145.5,332,88,249.5,143,101,164,104,218,173.5,176,96,288,112,103,72.5,108,140,91,128,207,167,176,171,108
Oct-98,381,283,559,559,727.5,347,322,186,319,355,530.5,489,677,645,303,329,333.5,359,214,178,283,383,307,294,457,318
Nov-98,138,83,210.5,125,193,55.5,48,87.5,74,64,137,83,165,227,79,54,69.5,137,67,69,77,82,65,40,68,47
Dec-98,12,17.5,129,10,111.5,9,11,8,11,19,55.5,27,53,148,11,10,9,9,11,12,9,12,10,10,13,10
Jan-99,49,39.5,94.5,92,76.5,39,38,53,46,39,129,59,75,177,31,36,25,34,55,43,41,39,32,37,58,27
Feb-99,93,103,42,117,101.5,107,82,102.5,66,87,239,150,69,31,100,124,116,122,109,111,119,117,110,73,77,152
Mar-99,521,242,221.5,220,321,214,217,204.5,227,235,803.5,437,224,235,177,191,168.5,193,187,209,253,287,236,251,548,219
Apr-99,387,140.5,276.5,186,331,106,123,124,148,172,507,283,358,298,124,132,121.5,105,116,140,140,161,124,133,314,93
May-99,635,339.5,144.5,252,322,274.5,327,235.5,294,283,863,437,213,167,242,311,239,208,249,346,279,327,318,270,375,315
Jun-99,728,774.5,381.5,448,543,611.5,598,510.5,504,417,1146.5,749,407,269,526,620,447.5,581,608,449,666,678,845,525,620,725
Jul-99,507,468.5,232.5,300,468.5,238.5,507,271.5,502,622,656.5,401,366,190,209,311,203,287,464,293,316,593,447,612,434,353
Aug-99,491,253.5,203,434,374,433.5,871,640.5,706,632,430.5,225,380,156,446,455,387.5,462,647,351,510,733,644,728,520,434
Sep-99,500,437.5,160.5,322,580,309,638,307.5,446,595,742.5,540,414,169,278,363,314,384,401,378,315,514,489,805,597,308
Oct-99,135,77.5,76.5,143,66.5,63,67,69,53,61,389,135,54,30,112,104,96.5,75,92,44,72,45,66,66,95,100
Nov-99,49,59.5,44,122,47.5,44,76,55,56,64,216.5,84,19,27,23,50,107,59,62,67,85,57,39,62,73,56
Dec-99,45,63.5,236.5,65,282,22,15,45,15,25,171.5,86,222,239,29,14,25,24,28,26,36,19,17,19,27,17
Jan-00,210,129.5,66,97,130.5,69,75,93,99,78,276,219,80,67,67,59,72,27,77,64,99,82,74,92,171,68
Feb-00,82,42.5,92,68,146,49.5,56,81,61,65,135,77,76,77,54,41,49.5,56,76,62,84,66,57,62,116,52
Mar-00,440,135.5,104,132,256,109.5,131,124.5,164,136,502.5,326,188,145,125,142,87.5,103,122,154,146,144,118,142,258,157
Apr-00,397,173,216,142,205,155,149,193,156,135,348.5,229,230,369,92,97,72,104,165,189,192,191,157,148,274,111
May-00,121,68,21.5,119,61.5,267.5,159,202,207,117,174,265,68,31,163,212,109.5,229,202,137,293,429,356,110,158,220
Jun-00,594,494,237,484,448,720.5,793,653,753,601,992,703,288,222,589,711,396.5,549,610,735,740,813,851,437,662,664
Jul-00,379,153.5,288,319,427.5,367.5,661,406,570,653,334,328,450,676,309,508,335,268,477,470,524,443,354,518,482,419
Aug-00,186,125.5,415,180,111,392.5,371,143,276,397,165.5,127,124,235,443,424,259,339,243,328,375,421,479,327,243,307
Sep-00,181,253.5,284.5,225,154,198.5,303,217.5,254,365,222.5,178,205,102,261,181,179,173,392,267,251,269,278,387,406,150
Oct-00,430,179,149,110,236,164.5,147,127.5,125,184,485.5,341,471,95,97,137,127,142,157,138,160,221,201,143,198,137
Nov-00,61,61.5,186,196,254,106.5,78,119.5,134,112,265.5,84,202,170,161,133,227,162,128,94,101,112,87,135,123,138
Dec-00,92,92.5,102.5,38,203.5,66.5,67,115,82,99,170,135,140,119,49,53,47.5,54,73,110,86,86,74,96,130,59
Jan-01,311,124.5,110,137,308,104.5,96,106.5,91,130,587,206,193,151,98,126,85,72,117,100,128,126,97,73,368,120
Feb-01,156,96.5,66,98,223,83.5,84,73,69,88,225,161,178,83,85,100,92,73,72,80,106,104,94,101,160,112
Mar-01,170,99.5,116,102,145.5,99.5,118,99,93,115,198,130,143,148,112,134,100.5,96,89,121,133,124,116,107,182,89
Apr-01,786,326.5,137.5,151,376.5,172,225,189.5,169,243,737,639,293,139,151,166,119.5,148,194,262,193,216,172,238,358,125
May-01,517,156.5,392,62,360.5,82.5,185,95.5,187,153,337,264,392,385,49,68,72,48,71,164,146,174,140,211,434,56
Jun-01,590,282,242.5,526,293.5,510.5,574,458.5,478,503,491,332,390,235,619,755,507.5,714,478,473,536,580,611,532,595,765
Jul-01,237,142.5,65,128,146,149,258,193,184,156,137.5,209,130,67,173,243,319,140,149,120,169,208,220,192,162,418
Aug-01,222,181.5,58,144,121,51.5,67,80,113,117,94.5,140,133,76,62,36,43.5,48,39,84,76,87,100,110,123,56
Sep-01,798,998,271,337,513.5,430,429,398.5,608,474,1174,773,401,307,261,205,165,331,394,442,469,496,443,504,730,235
Oct-01,323,322.5,154.5,169,169.5,181,296,214,412,165,535.5,348,115,159,142,168,153.5,151,229,171,245,217,159,311,333,135
Nov-01,95,72.5,24.5,150,82.5,57,68,104,69,91,182.5,148,21,21,99,96,81.5,79,63,82,66,81,78,102,154,111
Dec-01,184,60.5,180.5,119,176.5,69,68,86,75,91,229,112,120,176,103,106,78.5,86,99,113,86,81,66,65,139,96
Jan-02,192,162,101.5,108,200.5,72.5,76,106,67,97,350.5,194,175,157,84,76,88,92,83,86,105,97,83,45,139,76
Feb-02,87,46.5,61.5,48,124.5,60,70,62.5,52,85,100.5,58,81,85,53,60,58.5,47,65,67,65,90,79,72,57,60
Mar-02,208,75.5,111,128,192,123,129,143,115,137,375.5,124,151,128,150,163,126,130,153,152,185,164,148,105,217,155
Apr-02,340,155,198.5,290,210,198,207,186,192,194,291,175,208,122,223,306,163.5,223,169,236,224,248,230,188,277,252
May-02,507,130.5,162.5,212,227.5,191,210,365.5,181,217,343.5,377,158,169,154,153,159.5,193,247,301,263,242,204,218,275,185
Jun-02,793,448,215.5,444,345.5,517.5,646,544.5,564,437,827.5,736,250,184,533,628,442.5,499,401,560,619,632,517,418,485,541
Jul-02,469,593.5,157.5,256,184,347,379,366.5,327,605,648,472,189,70,272,318,179,295,399,409,398,481,530,521,276,305
Aug-02,161,56,139.5,207,443,124,217,213,139,170,177,60,303,308,256,239,394,265,361,179,142,201,314,172,85,231
Sep-02,129,117.5,135,51,115,28.5,90,23.5,51,71,141,33,118,138,20,27,41.5,22,29,63,70,32,67,44,104,58
Oct-02,189,121.5,131.5,115,245.5,136.5,82,75,138,104,247,61,137,161,92,90,113,88,122,115,98,123,107,49,157,86
Nov-02,217,169.5,43,137,177,100,115,122.5,121,148,433,230,92,68,111,107,113.5,125,127,131,129,109,124,114,152,148
Dec-02,250,183,126.5,237,194,184,147,169.5,149,174,663,273,100,132,159,173,180,143,171,196,205,203,183,144,275,167
Jan-03,143,79.5,56.5,109,204.5,102,132,118,96,99,187,132,138,71,129,94,91,114,100,126,127,104,85,97,118,83
Feb-03,218,73,68.5,78,106,86.5,87,63,95,107,219.5,110,104,89,93,99,66,64,78,93,88,111,83,91,129,106
Mar-03,374,204,64,224,123.5,160,277,297,235,268,354,227,91,71,160,210,156.5,163,190,279,244,232,198,226,410,201
Apr-03,217,106,75.5,220,152,184,207,198.5,237,197,237,160,113,160,180,263,166,170,213,232,220,242,212,173,372,250
May-03,316,306,147,135,477.5,157.5,312,145,418,522,407,346,322,255,107,147,96.5,114,148,179,252,415,353,403,618,179
Jun-03,781,665,230.5,532,253,551.5,648,637.5,533,680,859.5,657,275,257,549,682,542.5,493,575,568,624,582,630,628,689,680
Jul-03,241,156,4.5,151,57,285,225,133,137,153,143.5,116,34,64,209,284,182.5,200,124,189,277,403,373,169,103,394
Aug-03,238,192,191.5,208,347,186,287,168,244,354,253,224,217,155,242,299,337,199,194,153,185,219,232,276,248,297
Sep-03,220,108.5,123.5,64,335,39,120,46,178,209,247,160,324,163,34,27,33.5,54,87,87,93,325,229,233,175,17
Oct-03,183,151,103.5,33,201,45.5,151,28,104,183,252,184,158,76,34,67,29.5,45,37,57,65,102,94,164,139,44
Nov-03,380,206,147,265,135,206.5,129,199,158,208,431,287,128,150,225,205,245.5,166,206,155,156,176,168,146,257,207
Dec-03,61,37,45.5,83,105.5,31.5,37,80.5,30,48,233,71,51,46,70,58,61.5,51,66,64,47,44,31,29,97,54
Jan-04,71,62.5,46.5,145,110,49,30,92.5,30,34,423,167,50,63,68,62,73,64,96,39,57,51,35,29,25,51
Feb-04,85,43,53.5,77,159.5,36,46,31,37,42,144,84,136,84,64,56,79,52,49,46,44,46,45,38,65,81
Mar-04,126,103,118.5,145,212.5,136.5,163,135.5,170,148,226.5,119,125,147,135,137,124,120,125,124,204,183,150,166,320,141
Apr-04,103,76,81,186,147.5,140.5,118,142,101,145,302.5,58,83,85,128,135,133,91,175,112,215,219,156,87,191,173
May-04,365,324,189.5,317,314,352,489,362,428,454,620,424,158,136,348,433,356,203,304,508,414,502,430,399,446,406
Jun-04,484,460.5,265.5,74,377.5,197,285,195.5,300,399,689.5,474,302,237,97,110,113,124,187,270,248,308,283,469,417,129
Jul-04,47,18.5,96.5,44,159.5,107,126,102,131,69,81,30,98,85,82,65,85.5,88,137,82,79,138,134,75,49,85
Aug-04,270,494.5,80,202,368.5,292,483,265,370,531,554.5,322,477,181,338,362,230,309,385,325,258,514,634,650,456,467
Sep-04,175,122.5,320.5,516,471,329.5,410,221.5,269,312,348,94,356,242,428,540,491,418,332,215,414,595,584,335,334,522
Oct-04,510,631.5,114.5,283,304.5,351,486,393,347,554,782,530,170,115,275,316,232,302,362,372,336,525,392,614,464,261
Nov-04,74,115,41.5,125,125,169.5,114,91,113,97,246,187,60,70,100,117,101,91,143,106,133,139,160,173,129,96
Dec-04,167,114.5,87,165,162.5,154.5,137,155,139,181,338,192,80,85,119,131,118.5,141,162,157,160,205,158,129,206,138
Jan-05,105,101.5,64.5,88,147.5,59.5,61,104.5,71,118,391.5,153,94,103,70,72,63.5,70,89,89,80,64,57,90,177,69
Feb-05,371,164.5,180,190,236,250,211,202,226,203,531.5,484,249,136,222,244,148.5,195,217,217,266,260,290,217,307,190
Mar-05,265,126,146.5,155,131,143.5,109,232,102,139,251,251,102,111,146,149,124.5,129,184,197,140,137,118,107,137,150
Apr-05,147,113,80.5,111,91,49,44,63,43,72,235.5,228,112,89,106,133,132.5,74,58,65,69,46,64,43,81,144
May-05,249,135,186.5,125,213,228.5,213,253,183,180,363.5,295,176,210,180,290,200,156,199,270,216,210,261,232,225,224
Jun-05,1040,434.5,723.5,124,939.5,216,298,245.5,265,244,1067,852,769,647,156,195,158,153,215,333,303,296,241,281,287,225
Jul-05,240,175,2,259,92,313.5,419,293.5,270,454,240,197,63,66,335,515,320.5,303,327,317,405,439,403,389,324,478
Aug-05,198,75,85,245,171,155.5,166,249,71,176,209,124,161,76,235,230,223,271,241,224,259,110,142,90,145,174
Sep-05,390,462,68.5,287,249,238.5,659,293.5,469,814,467.5,329,253,120,342,378,354.5,257,424,406,269,600,601,1011,496,415
Oct-05,192,225.5,56.5,50,236.5,112,98,164,89,122,263,199,154,177,75,108,77,45,84,95,100,59,102,115,186,52
Nov-05,195,98,114,61,228,132,144,118.5,152,99,128,126,165,181,39,125,60.5,28,129,168,143,150,112,91,146,101
Dec-05,92,88,94.5,129,163.5,90,58,93,37,65,345,220,128,112,111,96,95,106,104,66,110,52,43,54,68,72
Jan-06,198,112.5,120.5,162,230.5,110,120,142.5,140,143,356.5,167,222,131,104,114,110.5,105,138,151,133,134,111,152,205,104
Feb-06,205,197,73.5,148,113.5,168.5,232,123,200,168,275,156,86,70,140,173,151.5,129,171,240,184,199,192,156,248,188
Mar-06,296,147.5,162.5,173,195.5,147,146,134.5,130,131,367,197,217,221,142,159,133,126,170,167,157,157,132,153,175,151
Apr-06,215,199.5,123.5,197,94,200,208,128,260,221,349,247,99,130,246,287,217,222,171,223,232,261,253,222,301,252
May-06,498,282,235,254,437.5,227,252,227,207,187,894,412,284,216,269,271,251,227,225,283,314,281,235,206,354,300
Jun-06,616,402,444,276,630.5,443,492,299.5,508,430,1063.5,567,714,511,434,559,320.5,356,376,451,491,514,575,437,701,528
Jul-06,86,142.5,15.5,561,32.5,433,394,204,432,251,163.5,179,50,22,525,925,1133,327,335,214,371,642,598,268,241,1519
Aug-06,137,85.5,156,214,101.5,209.5,111,140,137,132,136.5,56,200,102,221,306,231.5,122,188,279,163,274,304,122,193,308
Sep-06,156,73,64.5,319,76.5,114,119,148,71,145,210.5,196,88,129,190,265,125,135,202,73,163,172,164,159,300,144
Oct-06,25,41,57,67,45.5,19,31,20.5,15,27,24,41,39,82,25,29,38.5,10,17,22,19,16,13,24,38,23
Nov-06,255,227.5,162.5,108,208.5,88.5,91,115,97,111,483,286,195,124,108,91,110,99,125,124,146,116,81,158,242,84
Dec-06,138,164,172,140,324.5,121,123,136.5,127,148,351.5,154,243,147,170,146,122,105,148,156,138,150,115,165,82,156
Jan-07,76,79.5,114.5,75,286,65.5,61,74.5,48,78,257,131,118,117,79,74,67,60,67,72,68,65,58,79,68,59
Feb-07,197,169.5,98,119,126.5,102.5,98,140.5,96,148,349,235,125,124,91,97,89,91,143,148,139,109,100,116,246,100
Mar-07,267,158.5,130.5,117,262.5,133.5,150,158,161,164,379.5,278,208,118,115,130,101.5,124,158,187,181,148,125,170,282,127
Apr-07,268,157.5,182,208,173.5,154.5,169,174.5,179,216,389,240,147,179,156,192,113,122,179,207,174,219,157,184,199,176
May-07,244,140,145,206,229,221.5,191,211.5,236,184,547,227,204,149,311,221,167,232,173,225,212,223,189,180,334,201
Jun-07,693,305.5,307,167,237,482.5,669,615,586,864,482.5,429,245,202,281,387,247.5,310,544,678,678,539,432,660,651,400
Jul-07,386,528.5,227.5,310,388.5,766.5,916,729,549,1018,667,367,327,209,412,470,242.5,408,597,789,783,837,692,957,761,547
Aug-07,248,255,218.5,137,319.5,216.5,212,255,222,260,343.5,209,149,271,129,185,83.5,83,191,103,212,209,256,209,366,155
Sep-07,200,105.5,209.5,131,225,62.5,111,47,110,299,214.5,178,272,160,105,146,74.5,99,73,72,83,120,116,194,175,264
Oct-07,73,15.5,57,8,58,22.5,51,9.5,49,24,122,43,78,40,22,50,45.5,22,40,14,46,34,54,33,57,31
Nov-07,70,53,93.5,49,115.5,93.5,31,72.5,44,56,279.5,107,54,75,66,70,47.5,78,92,64,64,52,51,52,54,71
Dec-07,214,113.5,71,180,202,98.5,84,106.5,91,112,288.5,168,110,152,144,106,109.5,132,138,108,130,105,89,84,155,99
Jan-08,87,78,65,84,155,68,63,70.5,63,82,180,108,72,71,88,106,71.5,67,70,96,94,70,66,84,92,127
Feb-08,26,54,103.5,55,148,52,46,49,48,57,172,83,113,83,57,54,55,44,70,53,68,59,56,52,52,61
Mar-08,169.5,77,108,109.5,223.5,106.5,112.5,141.5,138,116,140.5,118.5,161,220.5,88,87.5,75.5,97,129,150.5,157.5,135,126.5,122,254,101.5
Apr-08,327.5,151,105.5,143,262.5,147,112,154,146.5,137,349,202.5,115,91,126.5,163,88.5,137.5,123,159.5,170.5,124,132.5,108.5,311,159.5
May-08,475.5,311.5,223,379,229,278,242.5,188,246,258.5,648,428,225.5,215,346,377,277,297.5,208.5,234.5,228.5,258.5,306,270.5,319.5,336.5
Jun-08,710,602,154.5,569.5,462,630.5,614.5,455,631,454.5,1043.5,717,252,253.5,618,724.5,548,478,457.5,601,656,648,612,619.5,781,802
Jul-08,88.5,34,36,38.5,99.5,77,102,89.5,71,104.5,67,89.5,143.5,38.5,37.5,137.5,57,68,73,120.5,90,103,87.5,116,66.5,135.5
Aug-08,382,411.5,85.5,226,186,250.5,437.5,280,303.5,576.5,432.5,286,112,151,301.5,319,257,220,349,436.5,315.5,372.5,370,497.5,338,319.5
Sep-08,474.5,397,336,527.5,597,427.5,453.5,580,346.5,650,923.5,691,449,327.5,488.5,510,487.5,514.5,473,618,551,440,470,659.5,764.5,565.5
Oct-08,225.5,176,205.5,54.5,164.5,117,138,120,128.5,156,330,334.5,124.5,78.5,71,81,68,76,82.5,138,139,164.5,162.5,148,171,99.5
Nov-08,159,117.5,144.5,157,321,146,193,218,169.5,188,270.5,150,132,129,134,115.5,115,128,283,236.5,313,146.5,161.5,250,282.5,123
Dec-08,77,72.5,37,82.5,58,45.5,66.5,66.5,49.5,100.5,202,115,40.5,44.5,60.5,53,64.5,52.5,66.5,79.5,74,78.5,72.5,74.5,74.5,50.5
Jan-09,149,139.5,89,101.5,426.5,65.5,102.5,108.5,71,147.5,381.5,258.5,190,116.5,129,100.5,87,83,89.5,118,106,82.5,61,125.5,151.5,84.5
Feb-09,153,91.5,38,199,75.5,188,181,136.5,164.5,201,220.5,164.5,86,57.5,263.5,258,227,212,201,216.5,154,225,228,168,236.5,267
Mar-09,258.5,219,251,264.5,233,245.5,262.5,285,243,319,462,337.5,179,303,239,256.5,199.5,239.5,312.5,348.5,348,264,291.5,253,352.5,237
Apr-09,252.5,111.5,54,160,191.5,159.5,141.5,118,155.5,112.5,400.5,223.5,120.5,70.5,106.5,118.5,69.5,110,135.5,196,160.5,176.5,173,131,250,133
May-09,88,132,117.5,106,100,76.5,74.5,31,85,108.5,110,69,119.5,80.5,48.5,91,86,52,81,80.5,60,58,77.5,83.5,143.5,87.5
Jun-09,395,227,453,271.5,350.5,289,455,294.5,299.5,497,336,294.5,336,406.5,261,291.5,175,293,314,542.5,378,309,262,447,478,353
Jul-09,187,69,38,230,125.5,130,127,111,123.5,135.5,135.5,133.5,86,26.5,169.5,285,307.5,94,157,103.5,158.5,169,383.5,99.5,129,346
Aug-09,86.5,50,59.5,60,63,22.5,99.5,50,63,102,58.5,38,98.5,67.5,33,44,77,34,51.5,79,71.5,76.5,61,115.5,202.5,90.5
Sep-09,97,91,59,128.5,136,36,153,60.5,156,189.5,116,118,91,63.5,83,77.5,100.5,101,88,125.5,39.5,80,78,142.5,359.5,80.5
Oct-09,290.5,250.5,500,91,357,77,125.5,64,126,168,285.5,312.5,302.5,424.5,75.5,70.5,58,81.5,61,111,88.5,111.5,90,233.5,249,80
Nov-09,291,231.5,182.5,229,491.5,193.5,212.5,310.5,237,304,587.5,304.5,308,180,205.5,160,132,180.5,237.5,278,271,232.5,259,239.5,363.5,162
Dec-09,92.5,155.5,94,164.5,102,47,48,85,66,105.5,422,259,80,84.5,106,78.5,123.5,92,90,71.5,71.5,50.5,49.5,61,77,91.5
Jan-10,95.5,87,92,111,107,100.5,113.5,103,76,85,124.5,99,89,58,125,120,85,102.5,121,139.5,155,116,82.5,75,71.5,103.5
Feb-10,224,220,161,132.5,190.5,209,247,250.5,188,241.5,614.5,167,141.5,179.5,187,168.5,97.5,165.5,261,279,237.5,235.5,212,236.5,374.5,219.5
Mar-10,400.5,291.5,109,280,185.5,286.5,361,310.5,308,344,487.5,362.5,163,131.5,256,308,215,298.5,272,368.5,329,342.5,332,340,455,312.5
Apr-10,549.5,341,143,338.5,275,233,303.5,223.5,373.5,330,668,488.5,210,147,230.5,291,198,201,199,388,328.5,397,343,353.5,677,328.5
May-10,341.5,231,262,468.5,262,215,249.5,173.5,174.5,171.5,355,282,249.5,200.5,413.5,474.5,312.5,300.5,219,210.5,247,280,254,155.5,230,395
Jun-10,898,1021.5,181.5,720.5,373,825,990,745.5,782.5,980,1158,714,391.5,277,857.5,947,629,897,733,920.5,999.5,1114.5,1040.5,899.5,1152.5,803.5
Jul-10,617,327.5,174,371.5,361.5,466.5,391,428,515.5,535,651.5,664.5,239,188,393.5,668.5,289.5,425.5,350.5,411,484,573,681.5,475,547.5,681
Aug-10,196.5,117,177,90.5,403,191.5,184,80.5,220,183.5,185.5,104.5,387.5,268.5,79.5,133.5,161,64.5,140.5,67,156.5,104.5,84.5,249.5,147.5,238
Sep-10,250,123,51,164.5,142.5,124,131,142.5,93.5,214,300,161,123,75.5,126.5,186.5,88,113.5,149,109.5,144,164,179,131,153.5,120
Oct-10,357,232,462,70,994.5,96.5,101,63.5,191.5,126,375.5,280,569,529.5,225,185,99,149,99.5,138,142,128.5,106.5,124.5,262.5,143
Nov-10,145.5,65,101.5,49,138.5,44.5,44.5,70.5,58.5,40.5,159,125.5,190,107,44.5,31,31,44,63.5,47.5,50,43,37,45,52.5,40.5
Dec-10,145,128.5,63,179,134.5,150,151,184.5,105,133,268.5,177.5,66.5,50,181.5,166,110,132.5,175,137,192,150,131,101,160,159
Jan-11,29,19.5,59,48.5,146.5,8.5,7.5,40.5,1.5,7.5,284.5,95,76,44.5,21,8,8,17.5,53.5,11.5,23.5,10.5,4,2.5,5,5
Feb-11,277.5,169.5,77,77,140.5,84.5,84.5,114.5,93.5,91.5,480,327.5,82,56.5,75.5,85,53.5,91,104,125,118.5,81,75.5,91,209,90
Mar-11,71,80,44,47.5,69,33,70.5,56.5,43.5,63,94,84,74,31.5,58.5,62.5,51,52.5,61.5,68.5,47.5,45,48,51.5,47.5,61
Apr-11,218,162,48.5,76,128.5,41,79.5,53,51,79,190.5,186.5,117.5,62.5,93.5,95,79,62,56,93,74,63,104.5,56,80,84.5
May-11,663,482,460,249,574.5,247,310,252,321,383,886.5,634.5,488.5,525.5,211.5,249.5,181.5,203,249.5,379,297,313,297,367,559.5,316.5
Jun-11,817,581.5,93,953,321,732,779.5,603.5,646,664.5,684,731.5,378,248.5,762,1082.5,1027,736,622.5,690,679.5,948.5,1048.5,768.5,633.5,1346
Jul-11,338,339,42,223.5,195.5,174.5,279.5,207.5,261,344.5,343,257.5,251,123,195.5,322,285,210.5,144.5,274.5,204,231.5,293.5,281.5,363,391
Aug-11,144,102,77,292,52.5,184.5,156,57,177.5,182.5,113.5,125,33.5,58.5,193.5,412,352.5,205.5,192.5,148.5,248,370,309.5,199,163,444
Sep-11,349,291.5,61.5,128,528.5,278,385,93,377.5,398.5,336,269.5,365.5,83.5,148,200.5,71.5,184,178.5,201.5,274.5,435,390.5,491.5,434,329
Oct-11,564,384.5,408.5,147.5,271,119.5,190.5,156.5,182.5,258.5,785,360.5,274,296,109,97.5,81,85,156,222,179.5,177.5,128.5,312,245.5,105
Nov-11,213.5,243,163.5,152.5,363.5,110.5,172,154,169.5,145,522,177,466.5,245.5,157,170,128.5,163,156,176,211.5,139.5,146.5,135.5,,133.5
Dec-11,52,44.5,70,85,152.5,50,45.5,53.5,52.5,56,235.5,81,50,41.5,62.5,57.5,72.5,54.5,70.5,53.5,53.5,45.5,54,45.5,,52.5
Jan-12,148.5,113.5,100,93,237.5,52.5,81,75,76,94,343.5,204,102.5,175.5,61.5,47,46.5,67.5,86.5,89,93.5,68,64,87.5,34,42
Feb-12,294.5,238,71.5,208,180.5,145.5,145,87,146,220,295.5,286,154,139,207.5,245.5,182.5,101.5,124.5,159.5,187.5,178,198.5,148,250.5,236.5
Mar-12,283,185.5,109,153,192.5,188,239,178.5,243,249,387,178,157.5,106,218,210,184.5,195.5,183.5,236.5,231,236.5,239,208,264.5,223
Apr-12,467.5,254.5,232,234.5,331.5,296,281,233.5,291,288.5,708.5,380,347,193.5,184.5,203.5,114.5,177,268,210.5,327,311.5,267.5,176.5,634,181.5
May-12,306,121,258,120,346.5,83.5,103,90,138,107,175,175,373.5,272,83.5,102.5,78,68.5,64.5,122,103.5,126,99.5,142.5,246,97
Jun-12,1130,597,473.5,888.5,703.5,858,835,1056.5,801,1039,1216.5,769.5,729,380,761.5,930.5,785.5,776,822,862.5,1049,863,843,931.5,1283,939
Jul-12,256.5,83,278.5,264.5,284,418,314,299,460.5,245.5,299,409.5,276.5,290,468.5,686,324.5,261.5,255.5,246,410.5,429,476,260.5,360.5,599
Aug-12,348.5,188,834.5,202.5,718.5,338,414,182.5,368.5,659,342.5,279,748,692,266,182,169.5,240.5,224.5,284.5,343,416,294,493.5,440.5,225
Sep-12,315,371,391,309.5,594,248.5,348.5,216,271,348,596,512,618.5,362.5,210.5,282,136,203.5,190,224.5,214,331.5,250,352,363,195
Oct-12,95.5,58.5,113,108.5,209.5,35.5,30.5,29,39,68,120.5,99.5,107,174.5,52.5,53.5,72.5,55.5,55.5,30.5,46,64.5,58,35,67,53
Nov-12,252,130,154.5,204.5,157,122.5,90.5,108,197,108.5,287,193,126,125.5,144,130,116.5,134,120.5,124.5,131.5,105,104,119.5,245.5,124
Dec-12,173.5,162,90,194.5,212.5,109,116,148.5,125,154,342.5,202,114.5,90.5,145.5,173.5,162.5,159.5,128,170,164,114.5,82.5,143,190,184.5
Jan-13,82.5,77,142.5,81,118.5,70,84,64.5,78.5,95.5,195,120.5,106,108.5,67.5,68.5,52,75.5,67.5,99.5,82.5,86.5,80,114.5,111.5,69
Feb-13,228,107.5,54,197.5,70,199.5,231,265.5,192.5,227,179,101.5,91.5,77.5,206.5,243,173,199,230.5,281,273.5,238.5,184,222.5,200.5,229
Mar-13,191.5,116,89,93.5,109.5,80.5,100.5,114.5,90.5,107.5,280,179.5,131,116,103,115,87.5,88.5,105,117.5,128,115,52.5,89.5,118,112
Apr-13,306.5,170,178.5,167.5,185.5,120.5,174,129.5,191.5,182.5,303.5,258,145,202,134,147.5,107,133.5,139.5,205.5,160,157.5,107,184,250,120.5
May-13,260.5,115.5,223,77.5,421.5,54.5,67.5,42.5,49,119.5,157,177,483.5,328.5,80.5,120,45,76.5,56.5,77.5,64,81.5,68.5,81.5,83.5,117.5
Jun-13,793.5,413,204.5,529.5,370.5,426,534,360,619,507.5,795,577,209,248,393.5,552.5,410,384,389,460.5,523,684.5,512.5,510.5,623,525
Jul-13,71.5,3,1,38.5,0,16.5,36.5,17,35.5,25.5,13.5,5,1.5,0,18.5,146,121.5,18,3,13.5,28.5,30.5,35,12.5,25.5,233.5
Aug-13,139.5,81.5,64,168.5,115.5,93,206.5,149.5,147,239,108,84,181.5,119,186,400,142.5,232.5,105.5,224.5,123,168,440.5,246.5,215,389.5
Sep-13,52,67.5,24,304.5,144.5,343.5,221.5,233,128.5,199.5,130,56,76.5,115,259.5,381.5,213,403,355,200.5,321,367,382,264.5,215,437.5
Oct-13,194.5,213.5,244.5,101.5,344.5,154,310,74,205,310,180.5,183,228,135.5,107.5,192.5,113,93,116,151,199.5,194.5,172,463,287,168.5
Nov-13,163.5,117,79.5,178.5,130,114.5,99,172,92,148.5,347.5,198.5,84,77,180.5,124,103,153.5,151,152,147,99,94,76.5,116.5,119.5
Dec-13,93.5,109,109.5,164.5,292.5,105,76,83,69.5,96.5,437,188,205,127.5,122,114.5,109,102.5,115.5,101.5,115,93,80,89.5,124.5,98
Jan-14,68.5,39,17.5,100.5,68,59.5,56,33.5,36.5,55.5,97,51,55.5,57,59.5,70,80,48,65,60.5,64,68,64.5,33.5,46,76
Feb-14,299.5,217,104.5,205.5,296,155.5,168,155,198.5,196,607.5,258.5,107.5,105.5,131.5,161.5,162,109,137,236,210.5,213,165,228,359,172.5
Mar-14,260.5,210,105.5,188,159,189,189,219,203.5,200.5,695.5,256.5,156,127,202.5,235.5,155.5,191,251.5,273,259,203.5,178,174.5,329,216
Apr-14,375,113,49.5,139,75,114.5,119.5,117,117,109.5,241.5,168,50.5,50.5,105,165,113,91.5,121.5,134.5,168,142,145,106.5,255,118
May-14,359.5,224.5,304.5,293.5,301,225.5,163.5,178.5,179.5,221,338.5,355,311,305.5,202,244,182.5,193,214,201.5,195.5,237.5,208,149,351,245.5
Jun-14,779.5,760,403,405.5,646,672,665.5,672.5,746.5,756,1056.5,924.5,855,545,462,530.5,348,479.5,576.5,815.5,771.5,755,661.5,796.5,949.5,495.5
Jul-14,280,178,263,358,320,363,403.5,168,356.5,545,400,216,275.5,224.5,228,445.5,434.5,273.5,331.5,293,482.5,503.5,373.5,390.5,483,549
Aug-14,348.5,286,109,336,340.5,445,294,173,298.5,417.5,312,358,329.5,140.5,344.5,319,296.5,204.5,320,215.5,252.5,286,296.5,279,314,313.5
Sep-14,414.5,303.5,162.5,378,307,294.5,257.5,265.5,251.5,303,708,354,313,178,216.5,226,228.5,237.5,409,369.5,327,289,228,298.5,358,267.5
Oct-14,374,441.5,312,131,388.5,81,213,111.5,150,400.5,351,298,390.5,153.5,122.5,108,73,105,178,102.5,88,191,179.5,307,251.5,74.5
Nov-14,243,158.5,70,98.5,103.5,132.5,196,160,170.5,148,379.5,209,85.5,111.5,135.5,192,104,192,143.5,202.5,218.5,163.5,133,181.5,198.5,149
Dec-14,116.5,106,86.5,156.5,178,102,48.5,166,62.5,113.5,406,140.5,125.5,81.5,149,91.5,103,103,164,100.5,134.5,82.5,50,57,134.5,98.5
Jan-15,157.5,90.5,7.5,127,55,156.5,123,178,117.5,131.5,254,127,40,8,90.5,94,87.5,123,187,150.5,215,166.5,120.5,101.5,212,96
Feb-15,124,88.5,49,156,46.5,79,61,74.5,63.5,60,159,95,42,71.5,107,102,76.5,92,75,75.5,77.5,88,80.5,64.5,136,98.5
Mar-15,241,107.5,172.5,127,165,105.5,103.5,145.5,114.5,114,250.5,174.5,128.5,152,101.5,112.5,130,86.5,98,148,107,136.5,125.5,119,195,142.5
Apr-15,228.5,236,201,118,308.5,199,239.5,125,339.5,270,343,239,381,298.5,170.5,199,130,146,181,208.5,178.5,270.5,190.5,356,761.5,188.5
May-15,456.5,483,278.5,156,161.5,234.5,318,357.5,267,476.5,585.5,562,191,177,130.5,141.5,127.5,162.5,308.5,399,346.5,265,211.5,412.5,555.5,155.5
Jun-15,1050.5,1148,519.5,722.5,550.5,1300.5,1416.5,1286.5,1182,1308,1023.5,901.5,521.5,743.5,895,1090,838,959,1145,1398.5,1411.5,1311.5,1243.5,1388.5,1325,1017.5
Jul-15,1000,578,450.5,365,367.5,529.5,677,599,613.5,900,929.5,819,329,663.5,430.5,466,357,481.5,495,710.5,597.5,687,661.5,752,1068,493
Aug-15,318,262.5,213.5,490,196,385.5,425.5,441.5,296,590.5,361.5,248.5,195,135,431,439,475,352.5,370.5,394.5,477.5,534,423.5,485,392.5,448.5
Sep-15,363,252,100,339,196,227,278,277.5,238.5,197.5,466.5,337.5,197.5,51.5,199,206,183.5,182,207.5,203.5,295,223.5,150.5,193.5,207,140.5
Oct-15,41,38.5,134,55,190,48.5,44,39.5,35,39,108,70.5,126.5,92,38.5,59,52.5,26,51,48,47,58.5,53.5,38,45.5,78.5
Nov-15,205.5,177.5,92,282,143,183,162,239,129,161.5,349.5,256.5,87,98.5,273.5,255.5,198.5,265,248.5,160.5,215,244.5,199,137,178,263.5
Dec-15,176,108,206.5,222,262.5,215,122,134,182.5,171,326.5,194,167.5,185,299,268.5,177.5,254.5,204,122,169,185,168.5,123,241.5,230.5
Jan-16,254,128.5,210.5,147,231,159,109,182.5,91.5,142,328.5,217,156.5,127.5,167.5,181,141,122.5,164,152,177.5,128.5,123.5,110,169.5,176
Feb-16,206,90,103,104,302,115,125,141.5,162,151.5,509.5,178.5,179.5,104,108.5,100,94.5,97,146.5,155,155,137,94,122,301,104
Mar-16,242,174,205,153.5,272.5,222,252,249,218.5,193,285.5,198.5,204,161.5,145.5,144,86.5,185,229,265,286.5,247,189.5,238,329,142
Apr-16,566.5,264,184,283,223.5,302.5,266.5,292.5,290,372.5,745.5,392,204.5,123,241.5,288,213.5,210,249,375.5,290,306,321.5,298,490.5,312
May-16,499,335,222.5,383,354.5,342.5,263,238,287,349.5,597.5,374,308,363,380.5,385,391,350.5,289.5,251,305,391.5,336.5,238.5,399,381
Jun-16,443,480,332,346.5,210.5,774,870,501,769.5,666,443.5,380,282,218,539,655,545.5,650.5,663.5,695.5,893,1086.5,852.5,766,642,774.5
Jul-16,560,502,174.5,334.5,244.5,493.5,635,338.5,625,557,516.5,417,196,149,473.5,777,572.5,384,417.5,525,663.5,697.5,591.5,644,736.5,764.5
Aug-16,56.5,45.5,255.5,30.5,132,77.5,70.5,29,4.5,70,49,58.5,132.5,137.5,12,124.5,29,14.5,77,11,45.5,84.5,50,26.5,35,128
Sep-16,342.5,241.5,223,443,206.5,340.5,367,374.5,600.5,372,463.5,284.5,252.5,194,252.5,287.5,500.5,247,404.5,190.5,375.5,532.5,498.5,289.5,403.5,347.5
Oct-16,391,525.5,52.5,284.5,295.5,248.5,250,237.5,309.5,305,617,522.5,159.5,88,240,236.5,247.5,215.5,299.5,324,340.5,367,320,338,397,288
Nov-16,162.5,116.5,162.5,117,98.5,124,98,240,106,129.5,239,186,101,139.5,89.5,95,82,139,201.5,142,186,137,121.5,112.5,192.5,96
Dec-16,110,61,50,132.5,118.5,86.5,47,158,78,88,142.5,97.5,133.5,92.5,102.5,92,107.5,83,119.5,71.5,99.5,65,56.5,58.5,114.5,91.5
Jan-17,66,66,88,32.5,172.5,34,45,45.5,49.5,53,192,80.5,120.5,133,36.5,38.5,33,32,52.5,52,57,49.5,37,56.5,67,51.5
Feb-17,58.5,85,72.5,88.5,105.5,83.5,114.5,92,77,118,127,97.5,69,63,140.5,142,117,117,110,124,138,105.5,92,69,79.5,138.5
Mar-17,229.5,165,130,75,168.5,139.5,139.5,106,158.5,144.5,391,222,146,136,100.5,117,89.5,103.5,140,150,151.5,187.5,151,170.5,185.5,134
Apr-17,419.5,198,210,295.5,186,396,357.5,228,274.5,268,376,235.5,218,151.5,282,405.5,373.5,305,328.5,369.5,406,381,307,338.5,460.5,313
May-17,160.5,137.5,152,366,240,158,111.5,173,71.5,106,333.5,142.5,199,122.5,298.5,295.5,293.5,138.5,133.5,121,187,180,160,125.5,137.5,259
Jun-17,921,705,285,342.5,265,476.5,516,487,480.5,596.5,910,708.5,305.5,300,291,343.5,335,411.5,440.5,651.5,481.5,574.5,563,475.5,668.5,350
Jul-17,335.5,197,1.5,109.5,24,229,490.5,169.5,245,388,193,136,60.5,22.5,96,231,137,131,149,297.5,285.5,460.5,315,184,200.5,429
Aug-17,298.5,269,48,184.5,709,139,263,192,219.5,354.5,354,192,541,81.5,145.5,147.5,193,113.5,164.5,173.5,96.5,311.5,241.5,209.5,293.5,268
Sep-17,528,373.5,95,469,328.5,337.5,406,283.5,395.5,400,787,321,269,263,349,367.5,309,364.5,331.5,364,397,502,438,468.5,563.5,336.5
Oct-17,293,448,177.5,219,323.5,141.5,336.5,157.5,242.5,383,580,470,214.5,186,137,154.5,208,158,159.5,202.5,235,216,186.5,464,520,159
Nov-17,247,170.5,140,154.5,311,110.5,124,132.5,132.5,143.5,376.5,233,268,113.5,85,88,68.5,119.5,133,153.5,124,148.5,120,141.5,186.5,76.5
Dec-17,84.5,30.5,22,44,77.5,29,25.5,66,25,41,175,120.5,43.5,36.5,31,28.5,24.5,39,52.5,27.5,32.5,29.5,20.5,34,30,21
Jan-18,157,149.5,99.5,130.5,157,96,95,126.5,78,118.5,268.5,166.5,110,88,116,108.5,98.5,106,127,118.5,134.5,116.5,107,96.5,140,101.5
Feb-18,164.5,114,69,110,205,97.5,83,107.5,84.5,122.5,268,171,90.5,66,80.5,94.5,85.5,92.5,104.5,111,118.5,103,91,91,137,90.5
Mar-18,208,147.5,71,183.5,111,158.5,124,126.5,124,105,236.5,174,82,60,201,212.5,179,195.5,140,124,160,180,168,128,139,178
Apr-18,123.5,121.5,162,177,171,121.5,93,84.5,82.5,104,273.5,89,142,104.5,138,162.5,171,137.5,139,146,140.5,133,104,76,215,163
May-18,715.5,307.5,109,322.5,189,342.5,324.5,311,246,325,524.5,399.5,189.5,149,283,363,327.5,383,240,326,413,431.5,342,333,348.5,370
Jun-18,816.5,587,457.5,314,535,339.5,470,335.5,427,519,1080,862.5,332.5,376,395,543,286.5,323.5,349,445,439,550.5,413.5,444,481,549.5
Jul-18,230.5,236.5,257.5,567.5,341.5,436.5,528,337,466,493,384,221,220.5,181.5,461,619,577,460.5,384.5,367.5,422.5,607.5,612,623,673.5,595.5
Aug-18,211,73,128,8,625.5,46,146,91.5,121.5,203,214.5,89.5,392,173,70.5,108,30,51,71.5,67.5,57,200,122,170.5,120.5,47.5
Sep-18,537.5,459.5,308,338.5,525.5,368.5,647,426.5,530.5,826.5,707,423.5,325,355.5,440.5,483.5,398.5,456.5,539.5,404.5,394,442,367.5,648.5,648,412
Oct-18,59.5,94,179,66.5,98,53.5,139,78.5,75.5,87,164.5,114,113.5,95,54.5,79.5,55.5,58,57.5,68,72.5,97,86.5,119.5,101,84.5
Nov-18,146.5,119,104.5,164,104,92,106.5,134,111.5,109.5,215.5,130.5,88.5,67,95.5,127.5,101,90,162,132,159.5,110,114.5,129.5,158,107
Dec-18,173,87,102,164,133.5,245,159.5,143,147,191.5,207.5,127.5,87.5,100,122,137.5,146.5,186,184,170.5,195,156.5,145,137,197,136
